﻿<?xml version="1.0" encoding="UTF-8" standalone="yes"?>
<Picture>
	<PictureVariant name="b.png" screenDensity="bldpi" glyphWidth="2" glyphHeight="1"/>
	<PictureVariant name="l.png" screenDensity="ldpi" glyphWidth="2" glyphHeight="1"/>
	<PictureVariant name="a.png" screenDensity="aldpi" glyphWidth="2" glyphHeight="1"/>
	<PictureVariant name="m.png" screenDensity="mdpi" glyphWidth="2" glyphHeight="1"/>
	<PictureVariant name="a1.png" screenDensity="amdpi" glyphWidth="2" glyphHeight="1"/>
	<PictureVariant name="h.png" screenDensity="hdpi" glyphWidth="2" glyphHeight="1"/>
	<PictureVariant name="x.png" screenDensity="xdpi" glyphWidth="2" glyphHeight="1"/>
	<PictureVariant name="u.png" screenDensity="udpi" glyphWidth="2" glyphHeight="1"/>
</Picture>