<?xml version="1.0" encoding="UTF-8" standalone="yes"?>
<Picture>
	<PictureVariant name="85.png" screenDensity="bldpi" glyphWidth="51" glyphHeight="51"/>
	<PictureVariant name="100.png" screenDensity="ldpi" glyphWidth="60" glyphHeight="60"/>
	<PictureVariant name="125.png" screenDensity="aldpi" glyphWidth="75" glyphHeight="75"/>
	<PictureVariant name="150.png" screenDensity="mdpi" glyphWidth="90" glyphHeight="90"/>
	<PictureVariant name="175.png" screenDensity="amdpi" glyphWidth="105" glyphHeight="105"/>
	<PictureVariant name="200.png" screenDensity="hdpi" glyphWidth="120" glyphHeight="120"/>
	<PictureVariant name="300.png" screenDensity="xdpi" glyphWidth="180" glyphHeight="180"/>
	<PictureVariant name="400.png" screenDensity="udpi" glyphWidth="240" glyphHeight="240"/>
</Picture>
