﻿<?xml version="1.0" encoding="UTF-8" standalone="yes"?>
<Picture>
	<PictureVariant name="85.png" screenDensity="bldpi" glyphWidth="14" glyphHeight="9"/>
	<PictureVariant name="100.png" screenDensity="ldpi" glyphWidth="16" glyphHeight="10"/>
	<PictureVariant name="125.png" screenDensity="aldpi" glyphWidth="20" glyphHeight="12"/>
	<PictureVariant name="150.png" screenDensity="mdpi" glyphWidth="24" glyphHeight="14"/>
	<PictureVariant name="175.png" screenDensity="amdpi" glyphWidth="28" glyphHeight="16"/>
	<PictureVariant name="200.png" screenDensity="hdpi" glyphWidth="32" glyphHeight="18"/>
	<PictureVariant name="300.png" screenDensity="xdpi" glyphWidth="48" glyphHeight="26"/>
	<PictureVariant name="400.png" screenDensity="udpi" glyphWidth="64" glyphHeight="34"/>
	<PictureVariant name="Picture.png" interfaceVariant="version8_2" screenDensity="ldpi" glyphWidth="16" glyphHeight="11"/>
	<PictureVariant name="Picture.png" interfaceVariant="version8_2_OrdinaryApp" screenDensity="ldpi" glyphWidth="16" glyphHeight="11"/>
</Picture>
