﻿<?xml version="1.0" encoding="UTF-8" standalone="yes"?>
<Picture>
	<PictureVariant name="l.png" screenDensity="bldpi"/>
	<PictureVariant name="b.png" screenDensity="ldpi"/>
	<PictureVariant name="a.png" screenDensity="aldpi"/>
	<PictureVariant name="m.png" screenDensity="mdpi"/>
	<PictureVariant name="a1.png" screenDensity="amdpi"/>
	<PictureVariant name="h.png" screenDensity="hdpi"/>
	<PictureVariant name="x.png" screenDensity="xdpi"/>
	<PictureVariant name="u.png" screenDensity="udpi"/>
</Picture>