﻿<?xml version="1.0" encoding="UTF-8" standalone="yes"?>
<Picture>
	<PictureVariant name="85.jpg" screenDensity="bldpi" glyphWidth="14" glyphHeight="14"/>
	<PictureVariant name="100.jpg" screenDensity="ldpi" glyphWidth="16" glyphHeight="16"/>
	<PictureVariant name="125.jpg" screenDensity="aldpi" glyphWidth="20" glyphHeight="20"/>
	<PictureVariant name="150.jpg" screenDensity="mdpi" glyphWidth="24" glyphHeight="24"/>
	<PictureVariant name="175.jpg" screenDensity="amdpi" glyphWidth="28" glyphHeight="28"/>
	<PictureVariant name="200.jpg" screenDensity="hdpi" glyphWidth="32" glyphHeight="32"/>
	<PictureVariant name="300.jpg" screenDensity="xdpi" glyphWidth="48" glyphHeight="48"/>
	<PictureVariant name="400.jpg" screenDensity="udpi" glyphWidth="64" glyphHeight="64"/>
</Picture>
