﻿<?xml version="1.0" encoding="UTF-8" standalone="yes"?>
<Picture>
	<PictureVariant name="85.png" screenDensity="bldpi" glyphWidth="12" glyphHeight="12"/>
	<PictureVariant name="100.png" screenDensity="ldpi" glyphWidth="14" glyphHeight="14"/>
	<PictureVariant name="125.png" screenDensity="aldpi" glyphWidth="18" glyphHeight="18"/>
	<PictureVariant name="150.png" screenDensity="mdpi" glyphWidth="21" glyphHeight="21"/>
	<PictureVariant name="175.png" screenDensity="amdpi" glyphWidth="25" glyphHeight="25"/>
	<PictureVariant name="200.png" screenDensity="hdpi" glyphWidth="28" glyphHeight="28"/>
	<PictureVariant name="300.png" screenDensity="xdpi" glyphWidth="42" glyphHeight="42"/>
	<PictureVariant name="400.png" screenDensity="udpi" glyphWidth="56" glyphHeight="56"/>
</Picture>