﻿<?xml version="1.0" encoding="UTF-8" standalone="yes"?>
<Picture>
	<PictureVariant name="85.png" screenDensity="bldpi" glyphWidth="41" glyphHeight="41"/>
	<PictureVariant name="100.png" screenDensity="ldpi" glyphWidth="48" glyphHeight="48"/>
	<PictureVariant name="125.png" screenDensity="aldpi" glyphWidth="60" glyphHeight="60"/>
	<PictureVariant name="150.png" screenDensity="mdpi" glyphWidth="72" glyphHeight="72"/>
	<PictureVariant name="175.png" screenDensity="amdpi" glyphWidth="84" glyphHeight="84"/>
	<PictureVariant name="200.png" screenDensity="hdpi" glyphWidth="96" glyphHeight="96"/>
	<PictureVariant name="300.png" screenDensity="xdpi" glyphWidth="144" glyphHeight="144"/>
	<PictureVariant name="400.png" screenDensity="udpi" glyphWidth="192" glyphHeight="192"/>
	<PictureVariant name="Picture.png" screenDensity="ldpi" interfaceVariant="version8_2" glyphWidth="48" glyphHeight="48"/>
	<PictureVariant name="l.png" screenDensity="ldpi" interfaceVariant="version8_2_OrdinaryApp" glyphWidth="48" glyphHeight="48"/>
</Picture>